item_id,effect_index,trigger,effect_target,effect_type,effect_id,value,damage_type,duration,radius,amount,scaling_type,scaling_value
iron_bracer,0,passive,owner,stat_modifier,max_health,100,,,,,,
iron_bracer,1,passive,owner,stat_modifier,armor,4,,,,,,
swift_boots,0,passive,owner,stat_modifier,move_speed,65,,,,,,
mana_crystal,0,passive,owner,stat_modifier,max_mana,80,,,,,,
mana_crystal,1,passive,owner,stat_modifier,mana_regen,4,,,,,,
blade_of_ash,0,passive,owner,stat_modifier,attack_damage,18,,,,,,
blade_of_ash,1,passive,owner,stat_modifier,attack_speed,15,,,,,,
aegis_charm,0,passive,owner,stat_modifier,armor,6,,,,,,
aegis_charm,1,passive,owner,stat_modifier,magic_resist,5,,,,,,
vial_of_light,0,on_use,owner,heal,,180,,,,,,
storm_rod,0,passive,owner,stat_modifier,attack_damage,12,,,,,,
storm_rod,1,passive,owner,stat_modifier,attack_speed,10,,,,,,
storm_rod,2,on_use,units_in_radius,damage,,140,magical,,143,,,
wardstone_cloak,0,passive,owner,stat_modifier,max_health,80,,,,,,
wardstone_cloak,1,passive,owner,stat_modifier,magic_resist,4,,,,,,
wardstone_cloak,2,on_use,owner,stat_modifier,armor,8,,5,,,,
heartwood_band,0,passive,owner,stat_modifier,max_health,150,,,,,,
heartwood_band,1,passive,owner,stat_modifier,armor,3,,,,,,
heartwood_band,2,passive,owner,stat_modifier,mana_regen,2,,,,,,
spark_pendant,0,passive,owner,stat_modifier,attack_damage,10,,,,,,
spark_pendant,1,passive,owner,stat_modifier,max_mana,60,,,,,,
spark_pendant,2,on_use,units_in_radius,damage,,90,magical,,117,,,
spark_pendant,3,on_use,owner,heal,mana,40,,,,,,
